{
  "hash": "7dbd33c0",
  "configHash": "148a5b82",
  "lockfileHash": "d444eee3",
  "browserHash": "e2a92359",
  "optimized": {
    "@angular/common": {
      "src": "../../../../../node_modules/@angular/common/fesm2022/common.mjs",
      "file": "@angular_common.js",
      "fileHash": "653289d9",
      "needsInterop": false
    },
    "@angular/common/http": {
      "src": "../../../../../node_modules/@angular/common/fesm2022/http.mjs",
      "file": "@angular_common_http.js",
      "fileHash": "98bd3233",
      "needsInterop": false
    },
    "@angular/core": {
      "src": "../../../../../node_modules/@angular/core/fesm2022/core.mjs",
      "file": "@angular_core.js",
      "fileHash": "e857a480",
      "needsInterop": false
    },
    "@angular/forms": {
      "src": "../../../../../node_modules/@angular/forms/fesm2022/forms.mjs",
      "file": "@angular_forms.js",
      "fileHash": "010a11f5",
      "needsInterop": false
    },
    "@angular/platform-browser": {
      "src": "../../../../../node_modules/@angular/platform-browser/fesm2022/platform-browser.mjs",
      "file": "@angular_platform-browser.js",
      "fileHash": "1e1be6c9",
      "needsInterop": false
    },
    "@angular/platform-browser/animations": {
      "src": "../../../../../node_modules/@angular/platform-browser/fesm2022/animations.mjs",
      "file": "@angular_platform-browser_animations.js",
      "fileHash": "052f592a",
      "needsInterop": false
    },
    "@angular/router": {
      "src": "../../../../../node_modules/@angular/router/fesm2022/router.mjs",
      "file": "@angular_router.js",
      "fileHash": "0a64fefb",
      "needsInterop": false
    },
    "@ng-bootstrap/ng-bootstrap": {
      "src": "../../../../../node_modules/@ng-bootstrap/ng-bootstrap/fesm2022/ng-bootstrap.mjs",
      "file": "@ng-bootstrap_ng-bootstrap.js",
      "fileHash": "d90718f9",
      "needsInterop": false
    }
  },
  "chunks": {
    "chunk-SX2WMB6F": {
      "file": "chunk-SX2WMB6F.js"
    },
    "chunk-4ZFMLW3V": {
      "file": "chunk-4ZFMLW3V.js"
    },
    "chunk-A33NAIJA": {
      "file": "chunk-A33NAIJA.js"
    },
    "chunk-K2P5XSIQ": {
      "file": "chunk-K2P5XSIQ.js"
    },
    "chunk-DFJUDO25": {
      "file": "chunk-DFJUDO25.js"
    }
  }
}